Alcaldia,Rubro,Monto ejercido
Agencia de Atención Animal De La Ciudad De México,Derechos Humanos,190101.46000000002
Agencia de Atención Animal De La Ciudad De México,Otros Asuntos Sociales,10033559.86
Agencia de Atención Animal De La Ciudad De México,Protección Civil,0.0
Agencia de Gestión Urbana de La Ciudad De México,Alumbrado Público,1134777153.0300002
Agencia de Gestión Urbana de La Ciudad De México,Deporte y Recreación,24820373.99
Agencia de Gestión Urbana de La Ciudad De México,Derechos Humanos,2704925.05
Agencia de Gestión Urbana de La Ciudad De México,Educación Básica,211280255.61
Agencia de Gestión Urbana de La Ciudad De México,Función Pública,265162714.70000002
Agencia de Gestión Urbana de La Ciudad De México,Innovación,26048162.87
Agencia de Gestión Urbana de La Ciudad De México,Ordenación de Desechos,3151571238.96
Agencia de Gestión Urbana de La Ciudad De México,Otros,126043935.62000002
Agencia de Gestión Urbana de La Ciudad De México,Protección Civil,158707796.09
Agencia de Gestión Urbana de La Ciudad De México,Protección de la Diversidad Biológica y del Paisaje,573321586.6500002
Agencia de Gestión Urbana de La Ciudad De México,Urbanización,3086676809.179998
"Agencia de Promoción de Inversiones y Desarrollo para la Ciudad de México PROCDMX, S.A. De C.V.",Derechos Humanos,946202.0
"Agencia de Promoción de Inversiones y Desarrollo para la Ciudad de México PROCDMX, S.A. De C.V.",Protección Civil,10739.0
"Agencia de Promoción de Inversiones y Desarrollo para la Ciudad de México PROCDMX, S.A. De C.V.",Urbanización,14531546.850000001
Agencia de Protección Sanitaria,Derechos Humanos,20000.34
Agencia de Protección Sanitaria,Otros,239726.18
Agencia de Protección Sanitaria,Prestación de Servicios de Salud a la Comunidad,19409154.710000005
Agencia de Protección Sanitaria,Protección Civil,0.0
Agencia de Resiliencia de La Ciudad De México,Derechos Humanos,315163.02
Agencia de Resiliencia de La Ciudad De México,Desarrollo Comunitario,15775215.950000001
Agencia de Resiliencia de La Ciudad De México,Protección Civil,0.0
Alcaldía Azcapotzalco,Abastecimiento de Agua,42205692.870000005
Alcaldía Azcapotzalco,Alimentación y Nutrición,1755690.58
Alcaldía Azcapotzalco,Alumbrado Público,150956221.85999998
Alcaldía Azcapotzalco,Asuntos Económicos y Comerciales en General,37307087.42
Alcaldía Azcapotzalco,Asuntos Jurídicos,0.0
Alcaldía Azcapotzalco,Asuntos Laborales Generales,2923371.25
Alcaldía Azcapotzalco,Cultura,44847343.95
Alcaldía Azcapotzalco,Deporte y Recreación,17803680.040000003
Alcaldía Azcapotzalco,Derechos Humanos,792550.4299999999
Alcaldía Azcapotzalco,Educación Básica,79373710.84000002
Alcaldía Azcapotzalco,Familia e Hijos,1675800.0
Alcaldía Azcapotzalco,"Ordenación de Aguas Residuales, Drenaje y Alcantarillado",49398021.379999995
Alcaldía Azcapotzalco,Ordenación de Desechos,175601893.99
Alcaldía Azcapotzalco,Otros,311273792.7599999
Alcaldía Azcapotzalco,Otros Asuntos Económicos,3605913.4
Alcaldía Azcapotzalco,Otros Grupos Vulnerables,4525279.6899999995
Alcaldía Azcapotzalco,Otros de Seguridad Social y Asistencia Social,109588522.94999996
Alcaldía Azcapotzalco,Policía,118791416.25999999
Alcaldía Azcapotzalco,Presidencia / Gubernatura,67278899.78
Alcaldía Azcapotzalco,Prestación de Servicios de Salud a la Comunidad,2618851.88
Alcaldía Azcapotzalco,Protección Civil,98481105.13
Alcaldía Azcapotzalco,Protección de la Diversidad Biológica y del Paisaje,99610280.41000001
Alcaldía Azcapotzalco,Servicios Comunales,2420341.4
Alcaldía Azcapotzalco,Servicios Estadísticos,6311832.93
Alcaldía Azcapotzalco,Urbanización,401930653.53999996
Alcaldía Azcapotzalco,Vivienda,22222270.86
Alcaldía Benito Juárez,Abastecimiento de Agua,9663432.2
Alcaldía Benito Juárez,Alumbrado Público,61837182.96
Alcaldía Benito Juárez,Asuntos Económicos y Comerciales en General,8085130.99
Alcaldía Benito Juárez,Asuntos Jurídicos,506676.0
Alcaldía Benito Juárez,Asuntos Laborales Generales,2200231.94
Alcaldía Benito Juárez,Cultura,123180209.15000002
Alcaldía Benito Juárez,Deporte y Recreación,255221582.91999996
Alcaldía Benito Juárez,Derechos Humanos,381930.0
Alcaldía Benito Juárez,Educación Básica,12917815.82
Alcaldía Benito Juárez,Familia e Hijos,5748000.0
Alcaldía Benito Juárez,"Ordenación de Aguas Residuales, Drenaje y Alcantarillado",25209162.71
Alcaldía Benito Juárez,Ordenación de Desechos,210332455.31000003
Alcaldía Benito Juárez,Otros,617371423.8800001
Alcaldía Benito Juárez,Otros Grupos Vulnerables,20317094.900000002
Alcaldía Benito Juárez,Otros de Protección Ambiental,2345513.0
Alcaldía Benito Juárez,Otros de Seguridad Social y Asistencia Social,33439738.040000003
Alcaldía Benito Juárez,Policía,113140867.72999999
Alcaldía Benito Juárez,Presidencia / Gubernatura,670000.0
Alcaldía Benito Juárez,Prestación de Servicios de Salud a la Comunidad,31211664.79
Alcaldía Benito Juárez,Protección Civil,15097088.880000003
Alcaldía Benito Juárez,Protección de la Diversidad Biológica y del Paisaje,116325270.20999998
Alcaldía Benito Juárez,Servicios Comunales,10328035.96
Alcaldía Benito Juárez,Servicios Estadísticos,26752906.7
Alcaldía Benito Juárez,Urbanización,790965481.4699999
Alcaldía Benito Juárez,Vivienda,15051673.41
Alcaldía Coyoacán,Abastecimiento de Agua,130690815.08
Alcaldía Coyoacán,Alimentación y Nutrición,109993040.0
Alcaldía Coyoacán,Alumbrado Público,212729122.40999997
Alcaldía Coyoacán,Asuntos Económicos y Comerciales en General,35925394.169999994
Alcaldía Coyoacán,Asuntos Jurídicos,18916266.13
Alcaldía Coyoacán,Asuntos Laborales Generales,42434208.339999996
Alcaldía Coyoacán,Cultura,99110430.95999998
Alcaldía Coyoacán,Deporte y Recreación,117470190.49999999
Alcaldía Coyoacán,Educación Básica,297079916.40000004
Alcaldía Coyoacán,"Ordenación de Aguas Residuales, Drenaje y Alcantarillado",136382658.39
Alcaldía Coyoacán,Ordenación de Desechos,146391234.67000002
Alcaldía Coyoacán,Otros,425952627.3800001
Alcaldía Coyoacán,Otros Asuntos Económicos,4790013.040000001
Alcaldía Coyoacán,Otros Grupos Vulnerables,23790220.71
Alcaldía Coyoacán,Otros de Protección Ambiental,1257257.7
Alcaldía Coyoacán,Otros de Seguridad Social y Asistencia Social,186914086.67
Alcaldía Coyoacán,Policía,112776913.57999997
Alcaldía Coyoacán,Presidencia / Gubernatura,39208511.61
Alcaldía Coyoacán,Prestación de Servicios de Salud a la Comunidad,37758556.49
Alcaldía Coyoacán,Protección Civil,9412396.030000001
Alcaldía Coyoacán,Protección de la Diversidad Biológica y del Paisaje,159162138.33999997
Alcaldía Coyoacán,Servicios Comunales,2227414.4
Alcaldía Coyoacán,Urbanización,501271139.4199999
Alcaldía Coyoacán,Vivienda,122616344.0
Alcaldía Cuajimalpa De Morelos,Abastecimiento de Agua,84101129.16000001
Alcaldía Cuajimalpa De Morelos,Agropecuaria,679810.0
Alcaldía Cuajimalpa De Morelos,Alumbrado Público,115382943.99999999
Alcaldía Cuajimalpa De Morelos,Asuntos Económicos y Comerciales en General,3723184.63
Alcaldía Cuajimalpa De Morelos,Asuntos Jurídicos,91740738.38
Alcaldía Cuajimalpa De Morelos,Asuntos Laborales Generales,6465409.01
Alcaldía Cuajimalpa De Morelos,Cultura,84487533.74000001
Alcaldía Cuajimalpa De Morelos,Deporte y Recreación,72282029.37000003
Alcaldía Cuajimalpa De Morelos,Derechos Humanos,204433.0
Alcaldía Cuajimalpa De Morelos,Educación Básica,115412814.96000001
Alcaldía Cuajimalpa De Morelos,Familia e Hijos,3731692.63
Alcaldía Cuajimalpa De Morelos,"Ordenación de Aguas Residuales, Drenaje y Alcantarillado",172752580.98000002
Alcaldía Cuajimalpa De Morelos,Ordenación de Desechos,47869310.239999995
Alcaldía Cuajimalpa De Morelos,Otros,244040778.27999997
Alcaldía Cuajimalpa De Morelos,Otros Asuntos Económicos,26390382.029999997
Alcaldía Cuajimalpa De Morelos,Otros Grupos Vulnerables,29098179.39
Alcaldía Cuajimalpa De Morelos,Otros de Protección Ambiental,0.0
Alcaldía Cuajimalpa De Morelos,Otros de Seguridad Social y Asistencia Social,147887258.23000002
Alcaldía Cuajimalpa De Morelos,Policía,54311108.63
Alcaldía Cuajimalpa De Morelos,Presidencia / Gubernatura,0.0
Alcaldía Cuajimalpa De Morelos,Prestación de Servicios de Salud a la Comunidad,126500601.33999999
Alcaldía Cuajimalpa De Morelos,Protección Civil,7256759.63
Alcaldía Cuajimalpa De Morelos,Protección de la Diversidad Biológica y del Paisaje,107348409.99999999
Alcaldía Cuajimalpa De Morelos,Servicios Comunales,7300881.92
Alcaldía Cuajimalpa De Morelos,Turismo,4704758.16
Alcaldía Cuajimalpa De Morelos,Urbanización,313220019.3900001
Alcaldía Cuauhtémoc,Abastecimiento de Agua,87736269.81999998
Alcaldía Cuauhtémoc,Alumbrado Público,244096640.86999997
Alcaldía Cuauhtémoc,Asuntos Económicos y Comerciales en General,38181047.95999999
Alcaldía Cuauhtémoc,Asuntos Jurídicos,80666186.27
Alcaldía Cuauhtémoc,Cultura,50210869.39
Alcaldía Cuauhtémoc,Deporte y Recreación,59219121.769999996
Alcaldía Cuauhtémoc,Educación Básica,27672289.2
Alcaldía Cuauhtémoc,Familia e Hijos,7309825.379999999
Alcaldía Cuauhtémoc,"Ordenación de Aguas Residuales, Drenaje y Alcantarillado",64589027.5
Alcaldía Cuauhtémoc,Ordenación de Desechos,631504974.2799999
Alcaldía Cuauhtémoc,Otros,526954330.38000005
Alcaldía Cuauhtémoc,Otros Grupos Vulnerables,86702472.88
Alcaldía Cuauhtémoc,Otros Relacionados con Transporte,24622653.619999997
Alcaldía Cuauhtémoc,Otros de Seguridad Social y Asistencia Social,322092113.1599999
Alcaldía Cuauhtémoc,Policía,128766107.73
Alcaldía Cuauhtémoc,Presidencia / Gubernatura,19160673.85
Alcaldía Cuauhtémoc,Protección Civil,35313787.48
Alcaldía Cuauhtémoc,Protección de la Diversidad Biológica y del Paisaje,310795370.97999996
Alcaldía Cuauhtémoc,Turismo,8551791.83
Alcaldía Cuauhtémoc,Urbanización,592884630.19
Alcaldía Cuauhtémoc,Vivienda,79189251.81
Alcaldía Gustavo A. Madero,Abastecimiento de Agua,54340583.17
Alcaldía Gustavo A. Madero,Alumbrado Público,231965992.95999998
Alcaldía Gustavo A. Madero,Asuntos Económicos y Comerciales en General,1124458.95
Alcaldía Gustavo A. Madero,Asuntos Jurídicos,176666.02
Alcaldía Gustavo A. Madero,Asuntos Laborales Generales,68100000.0
Alcaldía Gustavo A. Madero,Cultura,70880088.42
Alcaldía Gustavo A. Madero,Deporte y Recreación,19853346.65
Alcaldía Gustavo A. Madero,Derechos Humanos,18641110.2
Alcaldía Gustavo A. Madero,Educación Básica,145199128.55
Alcaldía Gustavo A. Madero,Familia e Hijos,3000000.0
Alcaldía Gustavo A. Madero,Generación de Recursos para la Salud,93555633.57000001
Alcaldía Gustavo A. Madero,"Ordenación de Aguas Residuales, Drenaje y Alcantarillado",46242241.17
Alcaldía Gustavo A. Madero,Ordenación de Desechos,25485074.47
Alcaldía Gustavo A. Madero,Otros,1323127220.0300002
Alcaldía Gustavo A. Madero,Otros Asuntos Económicos,198335.64
Alcaldía Gustavo A. Madero,Otros Grupos Vulnerables,57487708.0
Alcaldía Gustavo A. Madero,Otros Relacionados con Transporte,1603.47
Alcaldía Gustavo A. Madero,Otros de Seguridad Social y Asistencia Social,274889738.9
Alcaldía Gustavo A. Madero,Policía,334322023.90999997
Alcaldía Gustavo A. Madero,Presidencia / Gubernatura,17138872.74
Alcaldía Gustavo A. Madero,Prestación de Servicios de Salud a la Comunidad,7172920.720000001
Alcaldía Gustavo A. Madero,Protección Civil,5002397.56
Alcaldía Gustavo A. Madero,Protección de la Diversidad Biológica y del Paisaje,36496455.22
Alcaldía Gustavo A. Madero,Servicios Comunales,521138.31
Alcaldía Gustavo A. Madero,Servicios Estadísticos,610101.32
Alcaldía Gustavo A. Madero,Urbanización,1382035352.03
Alcaldía Gustavo A. Madero,Vivienda,119183243.72999999
Alcaldía Iztacalco,Abastecimiento de Agua,56097826.17
Alcaldía Iztacalco,Alumbrado Público,149716195.42999998
Alcaldía Iztacalco,Asuntos Económicos y Comerciales en General,15825922.120000001
Alcaldía Iztacalco,Cultura,80381835.82
Alcaldía Iztacalco,Deporte y Recreación,83935710.27999999
Alcaldía Iztacalco,Educación Básica,64754483.71
Alcaldía Iztacalco,Generación de Recursos para la Salud,1964867.36
Alcaldía Iztacalco,"Ordenación de Aguas Residuales, Drenaje y Alcantarillado",55640895.6
Alcaldía Iztacalco,Ordenación de Desechos,37472531.65
Alcaldía Iztacalco,Otros,825912296.8099997
Alcaldía Iztacalco,Otros Grupos Vulnerables,6245034.0
Alcaldía Iztacalco,Otros de Seguridad Social y Asistencia Social,61166942.440000005
Alcaldía Iztacalco,Policía,83838925.73
Alcaldía Iztacalco,Presidencia / Gubernatura,2693657.96
Alcaldía Iztacalco,Prestación de Servicios de Salud a la Comunidad,1477333.66
Alcaldía Iztacalco,Protección Civil,893220.14
Alcaldía Iztacalco,Protección de la Diversidad Biológica y del Paisaje,37263174.72
Alcaldía Iztacalco,Servicios Comunales,761916.24
Alcaldía Iztacalco,Servicios Estadísticos,16675631.86
Alcaldía Iztacalco,Urbanización,431351908.56
Alcaldía Iztacalco,Vivienda,186773853.35999998
Alcaldía Iztapalapa,Abastecimiento de Agua,237290133.53
Alcaldía Iztapalapa,Alimentación y Nutrición,37571876.9
Alcaldía Iztapalapa,Alumbrado Público,387772454.32
Alcaldía Iztapalapa,Asuntos Económicos y Comerciales en General,5307760.4
Alcaldía Iztapalapa,Asuntos Jurídicos,5808809.300000001
Alcaldía Iztapalapa,Cultura,149756781.62
Alcaldía Iztapalapa,Deporte y Recreación,125559933.51
Alcaldía Iztapalapa,Derechos Humanos,9156144.23
Alcaldía Iztapalapa,Educación Básica,309865747.20000005
Alcaldía Iztapalapa,Familia e Hijos,3060000.0
Alcaldía Iztapalapa,Generación de Recursos para la Salud,452382.15
Alcaldía Iztapalapa,"Ordenación de Aguas Residuales, Drenaje y Alcantarillado",422977724.4499999
Alcaldía Iztapalapa,Ordenación de Desechos,105846582.62999998
Alcaldía Iztapalapa,Otros,228504767.59000006
Alcaldía Iztapalapa,Otros Asuntos Económicos,17126390.0
Alcaldía Iztapalapa,Otros Grupos Vulnerables,61068967.32
Alcaldía Iztapalapa,Otros de Protección Ambiental,4033965.16
Alcaldía Iztapalapa,Otros de Seguridad Social y Asistencia Social,1754123631.0400002
Alcaldía Iztapalapa,Policía,469798098.98
Alcaldía Iztapalapa,Presidencia / Gubernatura,22207847.880000003
Alcaldía Iztapalapa,Prestación de Servicios de Salud a la Comunidad,13503411.99
Alcaldía Iztapalapa,Protección Civil,64740905.46
Alcaldía Iztapalapa,Protección de la Diversidad Biológica y del Paisaje,68394332.02
Alcaldía Iztapalapa,Servicios Comunales,18581574.61
Alcaldía Iztapalapa,"Servicios Registrales, Administrativos y Patrimoniales",830000.0
Alcaldía Iztapalapa,Territorio,772850.0
Alcaldía Iztapalapa,Urbanización,1011200864.92
Alcaldía Iztapalapa,Vivienda,89094960.99999999
Alcaldía La Magdalena Contreras,Abastecimiento de Agua,32825473.520000003
Alcaldía La Magdalena Contreras,Agropecuaria,6106164.92
Alcaldía La Magdalena Contreras,Alumbrado Público,88794281.63
Alcaldía La Magdalena Contreras,Asuntos Económicos y Comerciales en General,22843829.870000005
Alcaldía La Magdalena Contreras,Asuntos Laborales Generales,1124311.0
Alcaldía La Magdalena Contreras,Cultura,73210111.19
Alcaldía La Magdalena Contreras,Deporte y Recreación,60242870.94
Alcaldía La Magdalena Contreras,Derechos Humanos,55009454.92000001
Alcaldía La Magdalena Contreras,Educación Básica,30591622.52
Alcaldía La Magdalena Contreras,Familia e Hijos,18642755.0
Alcaldía La Magdalena Contreras,Generación de Recursos para la Salud,614520.0
Alcaldía La Magdalena Contreras,"Ordenación de Aguas Residuales, Drenaje y Alcantarillado",50357076.129999995
Alcaldía La Magdalena Contreras,Ordenación de Desechos,39888892.28000001
Alcaldía La Magdalena Contreras,Otros,205093819.12999997
Alcaldía La Magdalena Contreras,Otros Asuntos Económicos,8801251.82
Alcaldía La Magdalena Contreras,Otros Grupos Vulnerables,73903499.75000003
Alcaldía La Magdalena Contreras,Otros de Protección Ambiental,10225445.89
Alcaldía La Magdalena Contreras,Otros de Seguridad Social y Asistencia Social,168598475.50999996
Alcaldía La Magdalena Contreras,Policía,151715195.78000003
Alcaldía La Magdalena Contreras,Presidencia / Gubernatura,8107588.29
Alcaldía La Magdalena Contreras,Prestación de Servicios de Salud a la Comunidad,14573256.329999998
Alcaldía La Magdalena Contreras,Protección Civil,9397945.280000001
Alcaldía La Magdalena Contreras,Protección de la Diversidad Biológica y del Paisaje,37670092.9
Alcaldía La Magdalena Contreras,Servicios Comunales,10343921.77
Alcaldía La Magdalena Contreras,Territorio,4164103.04
Alcaldía La Magdalena Contreras,Urbanización,493692837.79999995
Alcaldía La Magdalena Contreras,Vivienda,11600882.850000001
Alcaldía Miguel Hidalgo,Abastecimiento de Agua,24579882.639999993
Alcaldía Miguel Hidalgo,Agropecuaria,2348359.34
Alcaldía Miguel Hidalgo,Alumbrado Público,86642064.87
Alcaldía Miguel Hidalgo,Asuntos Económicos y Comerciales en General,21537715.11
Alcaldía Miguel Hidalgo,Asuntos Jurídicos,53614598.52
Alcaldía Miguel Hidalgo,Asuntos Laborales Generales,83394155.56
Alcaldía Miguel Hidalgo,Cultura,51925199.04
Alcaldía Miguel Hidalgo,Deporte y Recreación,120833588.89999999
Alcaldía Miguel Hidalgo,Derechos Humanos,499735.17000000004
Alcaldía Miguel Hidalgo,Educación Básica,34826178.29
Alcaldía Miguel Hidalgo,"Ordenación de Aguas Residuales, Drenaje y Alcantarillado",35047815.75
Alcaldía Miguel Hidalgo,Ordenación de Desechos,278642927.85
Alcaldía Miguel Hidalgo,Otros,464408116.92999995
Alcaldía Miguel Hidalgo,Otros Asuntos Económicos,4217291.97
Alcaldía Miguel Hidalgo,Otros Grupos Vulnerables,34224690.17
Alcaldía Miguel Hidalgo,Otros de Seguridad Social y Asistencia Social,95771706.88999999
Alcaldía Miguel Hidalgo,Policía,174205072.28000003
Alcaldía Miguel Hidalgo,Presidencia / Gubernatura,104952788.44000001
Alcaldía Miguel Hidalgo,Prestación de Servicios de Salud a la Comunidad,44274406.16999999
Alcaldía Miguel Hidalgo,Protección Civil,27181253.400000002
Alcaldía Miguel Hidalgo,Protección de la Diversidad Biológica y del Paisaje,97527266.0
Alcaldía Miguel Hidalgo,Servicios Comunales,50653662.98
Alcaldía Miguel Hidalgo,Urbanización,404374213.63
Alcaldía Miguel Hidalgo,Vivienda,61546087.589999996
Alcaldía Milpa Alta,Abastecimiento de Agua,8519744.719999999
Alcaldía Milpa Alta,Agropecuaria,77200972.9
Alcaldía Milpa Alta,Alumbrado Público,32463115.180000003
Alcaldía Milpa Alta,Asuntos Económicos y Comerciales en General,3542160.23
Alcaldía Milpa Alta,Asuntos Laborales Generales,2500000.0
Alcaldía Milpa Alta,Cultura,27092899.61
Alcaldía Milpa Alta,Deporte y Recreación,65866806.19000001
Alcaldía Milpa Alta,Derechos Humanos,455336.58999999997
Alcaldía Milpa Alta,Educación Básica,21625510.470000003
Alcaldía Milpa Alta,Generación de Recursos para la Salud,2576620.41
Alcaldía Milpa Alta,"Ordenación de Aguas Residuales, Drenaje y Alcantarillado",10294269.630000003
Alcaldía Milpa Alta,Ordenación de Desechos,1274550.01
Alcaldía Milpa Alta,Otros,853477976.5100002
Alcaldía Milpa Alta,Otros Asuntos Económicos,310103.42
Alcaldía Milpa Alta,Otros Grupos Vulnerables,6412746.86
Alcaldía Milpa Alta,Otros de Protección Ambiental,361647.19000000006
Alcaldía Milpa Alta,Otros de Seguridad Social y Asistencia Social,94542461.95
Alcaldía Milpa Alta,Policía,3182512.3
Alcaldía Milpa Alta,Presidencia / Gubernatura,2115965.28
Alcaldía Milpa Alta,Protección Civil,7978368.92
Alcaldía Milpa Alta,Protección de la Diversidad Biológica y del Paisaje,10933227.24
Alcaldía Milpa Alta,Servicios Comunales,1566339.83
Alcaldía Milpa Alta,Turismo,81132.72
Alcaldía Milpa Alta,Urbanización,164414734.56
Alcaldía Tlalpan,Abastecimiento de Agua,174673796.95999998
Alcaldía Tlalpan,Agropecuaria,18319941.29
Alcaldía Tlalpan,Alumbrado Público,36362497.550000004
Alcaldía Tlalpan,Asuntos Económicos y Comerciales en General,74947595.46999998
Alcaldía Tlalpan,Cultura,35032331.919999994
Alcaldía Tlalpan,Deporte y Recreación,53957660.81999999
Alcaldía Tlalpan,Educación Básica,94555836.48999998
Alcaldía Tlalpan,"Ordenación de Aguas Residuales, Drenaje y Alcantarillado",88311519.63
Alcaldía Tlalpan,Ordenación de Desechos,49215238.92
Alcaldía Tlalpan,Otros,728610730.0599998
Alcaldía Tlalpan,Otros Asuntos Económicos,11000000.0
Alcaldía Tlalpan,Otros Grupos Vulnerables,4869583.33
Alcaldía Tlalpan,Otros de Seguridad Social y Asistencia Social,167548001.5
Alcaldía Tlalpan,Policía,63324634.830000006
Alcaldía Tlalpan,Presidencia / Gubernatura,15603887.62
Alcaldía Tlalpan,Prestación de Servicios de Salud a la Comunidad,1722388.5699999998
Alcaldía Tlalpan,Protección Civil,4864562.3
Alcaldía Tlalpan,Protección de la Diversidad Biológica y del Paisaje,83834589.50999999
Alcaldía Tlalpan,Servicios Comunales,4281029.6899999995
Alcaldía Tlalpan,Territorio,790977.23
Alcaldía Tlalpan,Urbanización,387802262.07
Alcaldía Tlalpan,Vivienda,239977477.55
Alcaldía Tláhuac,Abastecimiento de Agua,27181292.55
Alcaldía Tláhuac,Agropecuaria,11273525.249999996
Alcaldía Tláhuac,Alumbrado Público,221328018.15000004
Alcaldía Tláhuac,Asuntos Económicos y Comerciales en General,77733.22
Alcaldía Tláhuac,Asuntos Jurídicos,2506953.74
Alcaldía Tláhuac,Asuntos Laborales Generales,203838.68
Alcaldía Tláhuac,Cultura,30251746.75
Alcaldía Tláhuac,Deporte y Recreación,67111767.09
Alcaldía Tláhuac,Derechos Humanos,3028371.3899999997
Alcaldía Tláhuac,Educación Básica,34284490.53
Alcaldía Tláhuac,Generación de Recursos para la Salud,4319951.99
Alcaldía Tláhuac,"Ordenación de Aguas Residuales, Drenaje y Alcantarillado",33326945.7
Alcaldía Tláhuac,Ordenación de Desechos,29673133.68
Alcaldía Tláhuac,Otros,717078096.3399999
Alcaldía Tláhuac,Otros Asuntos Económicos,1692348.29
Alcaldía Tláhuac,Otros Grupos Vulnerables,2751942.6100000003
Alcaldía Tláhuac,Otros de Protección Ambiental,2275444.05
Alcaldía Tláhuac,Otros de Seguridad Social y Asistencia Social,61681077.37000001
Alcaldía Tláhuac,Policía,216894078.2
Alcaldía Tláhuac,Presidencia / Gubernatura,15164204.580000002
Alcaldía Tláhuac,Prestación de Servicios de Salud a la Comunidad,9357690.509999998
Alcaldía Tláhuac,Protección Civil,10965614.500000002
Alcaldía Tláhuac,Protección de la Diversidad Biológica y del Paisaje,93240491.36000001
Alcaldía Tláhuac,Servicios Comunales,10793092.8
Alcaldía Tláhuac,Turismo,612926.75
Alcaldía Tláhuac,Urbanización,258678863.43000022
Alcaldía Tláhuac,Vivienda,10000000.0
Alcaldía Venustiano Carranza,Abastecimiento de Agua,95435176.23999998
Alcaldía Venustiano Carranza,Alumbrado Público,401553262.38000005
Alcaldía Venustiano Carranza,Asuntos Económicos y Comerciales en General,19540555.720000003
Alcaldía Venustiano Carranza,Asuntos Jurídicos,12211766.05
Alcaldía Venustiano Carranza,Asuntos Laborales Generales,333145.64
Alcaldía Venustiano Carranza,Cultura,80497745.44
Alcaldía Venustiano Carranza,Deporte y Recreación,184016742.70000014
Alcaldía Venustiano Carranza,Educación Básica,54637782.68000001
Alcaldía Venustiano Carranza,Familia e Hijos,115974577.24999999
Alcaldía Venustiano Carranza,Generación de Recursos para la Salud,11956019.850000001
Alcaldía Venustiano Carranza,"Ordenación de Aguas Residuales, Drenaje y Alcantarillado",122253891.46000004
Alcaldía Venustiano Carranza,Ordenación de Desechos,85547264.83999999
Alcaldía Venustiano Carranza,Otros,268861233.9799999
Alcaldía Venustiano Carranza,Otros Asuntos Económicos,515654.38000000006
Alcaldía Venustiano Carranza,Otros Grupos Vulnerables,79392877.07999998
Alcaldía Venustiano Carranza,Otros de Seguridad Social y Asistencia Social,59281022.24000001
Alcaldía Venustiano Carranza,Policía,507524421.16
Alcaldía Venustiano Carranza,Presidencia / Gubernatura,6495684.600000001
Alcaldía Venustiano Carranza,Prestación de Servicios de Salud a la Comunidad,18096869.709999997
Alcaldía Venustiano Carranza,Protección Civil,1670529.83
Alcaldía Venustiano Carranza,Protección de la Diversidad Biológica y del Paisaje,41006942.24
Alcaldía Venustiano Carranza,Servicios Estadísticos,11113796.950000001
Alcaldía Venustiano Carranza,Urbanización,670262201.0999999
Alcaldía Venustiano Carranza,Vivienda,155764656.94
Alcaldía Xochimilco,Abastecimiento de Agua,26803422.54
Alcaldía Xochimilco,Agropecuaria,12396372.639999999
Alcaldía Xochimilco,Alumbrado Público,117837432.02000001
Alcaldía Xochimilco,Asuntos Económicos y Comerciales en General,36998277.11
Alcaldía Xochimilco,Cultura,76746257.89999999
Alcaldía Xochimilco,Deporte y Recreación,50253473.800000004
Alcaldía Xochimilco,Educación Básica,50795926.08
Alcaldía Xochimilco,Generación de Recursos para la Salud,199816.96
Alcaldía Xochimilco,"Ordenación de Aguas Residuales, Drenaje y Alcantarillado",138163589.76999998
Alcaldía Xochimilco,Ordenación de Desechos,93263423.66
Alcaldía Xochimilco,Otros,597330567.8499997
Alcaldía Xochimilco,Otros Grupos Vulnerables,38946762.339999996
Alcaldía Xochimilco,Otros de Protección Ambiental,14267319.88
Alcaldía Xochimilco,Otros de Seguridad Social y Asistencia Social,86008126.44
Alcaldía Xochimilco,Policía,86433390.06
Alcaldía Xochimilco,Presidencia / Gubernatura,1376432.8
Alcaldía Xochimilco,Prestación de Servicios de Salud a la Comunidad,2137849.03
Alcaldía Xochimilco,Protección Civil,24827511.62
Alcaldía Xochimilco,Protección de la Diversidad Biológica y del Paisaje,118608713.72999997
Alcaldía Xochimilco,Servicios Comunales,960244.52
Alcaldía Xochimilco,Turismo,28247474.380000003
Alcaldía Xochimilco,Urbanización,360252497.99
Alcaldía Álvaro Obregón,Abastecimiento de Agua,70219033.78000002
Alcaldía Álvaro Obregón,Agropecuaria,0.0
Alcaldía Álvaro Obregón,Alumbrado Público,321632836.99000007
Alcaldía Álvaro Obregón,Asuntos Económicos y Comerciales en General,3071514.57
Alcaldía Álvaro Obregón,Asuntos Jurídicos,267193.97
Alcaldía Álvaro Obregón,Cultura,21732358.19
Alcaldía Álvaro Obregón,Deporte y Recreación,15893260.549999999
Alcaldía Álvaro Obregón,Educación Básica,7678249.93
Alcaldía Álvaro Obregón,"Ordenación de Aguas Residuales, Drenaje y Alcantarillado",122952406.27000001
Alcaldía Álvaro Obregón,Ordenación de Desechos,4069703.61
Alcaldía Álvaro Obregón,Otros,1001628724.7900001
Alcaldía Álvaro Obregón,Otros Grupos Vulnerables,3507526.1799999992
Alcaldía Álvaro Obregón,Otros de Protección Ambiental,392220.13
Alcaldía Álvaro Obregón,Otros de Seguridad Social y Asistencia Social,226745337.23000002
Alcaldía Álvaro Obregón,Policía,160728891.66999996
Alcaldía Álvaro Obregón,Presidencia / Gubernatura,0.0
Alcaldía Álvaro Obregón,Prestación de Servicios de Salud a la Comunidad,13061180.790000001
Alcaldía Álvaro Obregón,Protección Civil,3549997.7800000003
Alcaldía Álvaro Obregón,Protección de la Diversidad Biológica y del Paisaje,14839255.860000003
Alcaldía Álvaro Obregón,Servicios Comunales,2211534.35
Alcaldía Álvaro Obregón,Territorio,376662.31
Alcaldía Álvaro Obregón,Urbanización,448482360.26
Alcaldía Álvaro Obregón,Vivienda,162271032.38000005
Asamblea Legislativa,Legislación,2366054290.0
Auditoría Superior de la Ciudad De México,Fiscalización,725189377.4
Autoridad Del Centro Histórico,Derechos Humanos,16500.0
Autoridad Del Centro Histórico,Protección Civil,41440.0
Autoridad Del Centro Histórico,Urbanización,38310227.85000001
"Autoridad de la Zona Patrimonio Mundial Natural y Cultural de la Humanidad en Xochimilco, Tláhuac y Milpa Alta",Cultura,3137965.13
"Autoridad de la Zona Patrimonio Mundial Natural y Cultural de la Humanidad en Xochimilco, Tláhuac y Milpa Alta",Otros de Protección Ambiental,41001480.96999999
"Autoridad de la Zona Patrimonio Mundial Natural y Cultural de la Humanidad en Xochimilco, Tláhuac y Milpa Alta",Protección Civil,0.0
Autoridad del Espacio Público,Derechos Humanos,30300880.68
Autoridad del Espacio Público,Otros,5120929.0
Autoridad del Espacio Público,Protección Civil,0.0
Autoridad del Espacio Público,Urbanización,27871912.4
Caja De Previsión de la Policía Preventiva,Cultura,14479890.27
Caja De Previsión de la Policía Preventiva,Derechos Humanos,5301172.0
Caja De Previsión de la Policía Preventiva,Edad Avanzada,3179319503.3599997
Caja De Previsión de la Policía Preventiva,Otros,87284960.30000003
Caja De Previsión de la Policía Preventiva,Otros Asuntos Sociales,5844000.0
Caja De Previsión de la Policía Preventiva,Prestación de Servicios de Salud a la Persona,205148584.52
Caja De Previsión de la Policía Preventiva,Protección Civil,106923.0
Caja De Previsión de la Policía Preventiva,Vivienda,134195575.4
Caja de Previsión de la Policía Auxiliar,Cultura,3386550.0
Caja de Previsión de la Policía Auxiliar,Derechos Humanos,771111.63
Caja de Previsión de la Policía Auxiliar,Edad Avanzada,442563566.69
Caja de Previsión de la Policía Auxiliar,Otros Asuntos Sociales,6110059.92
Caja de Previsión de la Policía Auxiliar,Prestación de Servicios de Salud a la Persona,489373349.36999995
Caja de Previsión de la Policía Auxiliar,Protección Civil,198859.96
Caja de Previsión para Trabajadores a Lista de Raya,Derechos Humanos,60320.0
Caja de Previsión para Trabajadores a Lista de Raya,Edad Avanzada,2275226039.71
Caja de Previsión para Trabajadores a Lista de Raya,Otros,72275608.00999999
Caja de Previsión para Trabajadores a Lista de Raya,Otros Asuntos Sociales,602303029.05
Caja de Previsión para Trabajadores a Lista de Raya,Protección Civil,0.0
Caja de Previsión para Trabajadores a Lista de Raya,Vivienda,205162036.74
"Centro de Comando, Control, Cómputo, Comunicaciones y Contacto Ciudadano (C5)",Derechos Humanos,0.0
"Centro de Comando, Control, Cómputo, Comunicaciones y Contacto Ciudadano (C5)",Otros,61073389.79999999
"Centro de Comando, Control, Cómputo, Comunicaciones y Contacto Ciudadano (C5)",Protección Civil,2599144531.7699995
Comisión de Derechos Humanos,Derechos Humanos,445447554.0
Consejería Jurídica y De Servicios Legales,Asuntos Jurídicos,1030517826.8699996
Consejería Jurídica y De Servicios Legales,Derechos Humanos,200000.0
Consejería Jurídica y De Servicios Legales,Otros,430831774.0
Consejería Jurídica y De Servicios Legales,Protección Civil,788738.42
Consejería Jurídica y De Servicios Legales,"Servicios Registrales, Administrativos y Patrimoniales",523243818.66000015
Consejo Para Prevenir Y Eliminar La Discriminación,Derechos Humanos,0.0
Consejo Para Prevenir Y Eliminar La Discriminación,Otros Asuntos Sociales,24721430.490000017
Consejo Para Prevenir Y Eliminar La Discriminación,Protección Civil,7864.01
Consejo de Evaluación Del Desarrollo Social,Derechos Humanos,398000.0
Consejo de Evaluación Del Desarrollo Social,Función Pública,21595767.390000004
Consejo de Evaluación Del Desarrollo Social,Protección Civil,0.0
Consejo de La Judicatura de La Ciudad De México,Impartición de Justicia,229514882.0
Coordinación De Los Centros De Transferencia Modal,Otros Relacionados con Transporte,174288062.09999993
Coordinación De Los Centros De Transferencia Modal,Protección Civil,1561950.21
"Corporación Mexicana De Impresión, S.A. De C.V.",Derechos Humanos,1992.61
"Corporación Mexicana De Impresión, S.A. De C.V.",Otras Industrias,501986201.59000003
"Corporación Mexicana De Impresión, S.A. De C.V.",Protección Civil,864200.0
Deuda Pública,Deuda Pública Interna,6380653992.56
Deuda Pública,Función Pública,144491014.12
Escuela de Administración Pública,Derechos Humanos,548831.13
Escuela de Administración Pública,Otros,42321553.949999996
Escuela de Administración Pública,Otros Servicios Educativos y Actividades Inherentes,17065054.409999996
Escuela de Administración Pública,Protección Civil,17400.0
Fideicomiso Educación Garantizada,Derechos Humanos,363503.72000000003
Fideicomiso Educación Garantizada,Educación Básica,560378922.15
Fideicomiso Educación Garantizada,Educación Media Superior,1531194369.48
Fideicomiso Educación Garantizada,Protección Civil,298499.99
Fideicomiso Museo De Arte Popular Mexicano,Cultura,26451638.02000001
Fideicomiso Museo De Arte Popular Mexicano,Otros Asuntos Económicos,140000.0
Fideicomiso Museo De Arte Popular Mexicano,Protección Civil,28000.0
Fideicomiso Museo Del Estanquillo,Cultura,17465709.580000002
Fideicomiso Museo Del Estanquillo,Derechos Humanos,199795.78
Fideicomiso Museo Del Estanquillo,Protección Civil,39993.49
Fideicomiso Para La Promoción Y Desarrollo Del Cine Mexicano,Cultura,20433975.560000002
Fideicomiso Para La Promoción Y Desarrollo Del Cine Mexicano,Derechos Humanos,50000.0
Fideicomiso Público para la Reconstrucción y Rehabilitación de Viviendas de uso Habitacional,Vivienda,1171550837.73
Fideicomiso de Recuperación Crediticia,Derechos Humanos,466608.42
Fideicomiso de Recuperación Crediticia,Desarrollo Regional,52063689.49000002
Fideicomiso de Recuperación Crediticia,Otros,22956792.02
Fideicomiso de Recuperación Crediticia,Protección Civil,98859.87
Fideicomiso del Centro Histórico,Derechos Humanos,3430173.42
Fideicomiso del Centro Histórico,Preservación y Cuidado del Patrimonio Público,1595000.0
Fideicomiso del Centro Histórico,Protección Civil,324.5
Fideicomiso del Centro Histórico,Urbanización,87656632.64999999
Fideicomiso para el Fondo de Promoción para el Financiamiento del Transporte Público,Otros Relacionados con Transporte,46300000.0
Fondo Ambiental Público,Otros de Protección Ambiental,335675653.9499999
Fondo Ambiental Público,Protección de la Diversidad Biológica y del Paisaje,105914369.89
Fondo Ambiental Público,Urbanización,19988279.6
Fondo Mixto de Promoción Turística de La Ciudad De México,Derechos Humanos,112520.0
Fondo Mixto de Promoción Turística de La Ciudad De México,Protección Civil,81200.0
Fondo Mixto de Promoción Turística de La Ciudad De México,Turismo,517529916.63999987
Fondo Para Las Acciones De Reconstrucción Y Para Otras Previsiones,Asuntos Económicos y Comerciales en General,0.0
Fondo Para Las Acciones De Reconstrucción Y Para Otras Previsiones,Asuntos Hacendarios,0.0
Fondo Para Las Acciones De Reconstrucción Y Para Otras Previsiones,Educación Básica,0.0
Fondo Para Las Acciones De Reconstrucción Y Para Otras Previsiones,Otros,0.0
Fondo Para Las Acciones De Reconstrucción Y Para Otras Previsiones,Otros Asuntos Sociales,0.0
Fondo Para Las Acciones De Reconstrucción Y Para Otras Previsiones,Prestación de Servicios de Salud a la Persona,0.0
Fondo Para Las Acciones De Reconstrucción Y Para Otras Previsiones,Urbanización,0.0
Fondo Público de Atención al Ciclista y al Peatón,Otros Relacionados con Transporte,0.0
Fondo de Apoyo a la Procuración de Justicia,Procuración de Justicia,24821550.320000004
Fondo de Desarrollo Económico,Derechos Humanos,41987.43
Fondo de Desarrollo Económico,Otros,6476567.12
Fondo de Desarrollo Económico,Protección Civil,4807.2
Fondo para el Desarrollo Económico y Social,Asuntos Económicos y Comerciales en General,21443277.5
Fondo para el Desarrollo Económico y Social,Derechos Humanos,0.0
Fondo para el Desarrollo Económico y Social,Protección Civil,0.0
Fondo para el Desarrollo Social,Otros Asuntos Económicos,143727886.45000002
Fondo para el Desarrollo Social,Protección Civil,26821.04
Fondo para la Atención y Apoyo a las Víctimas del Delito,Procuración de Justicia,251820.18
Heroico Cuerpo De Bomberos,Otros de Seguridad Social y Asistencia Social,0.0
Heroico Cuerpo De Bomberos,Protección Civil,1205065067.8000004
Instituto Electoral de la Ciudad de México,Organización de Procesos Electorales,2028180767.5
Instituto Local de la Infraestructura Física Educativa,Derechos Humanos,137514.42
Instituto Local de la Infraestructura Física Educativa,Educación Básica,70327886.58999999
Instituto Local de la Infraestructura Física Educativa,Protección Civil,333330.0
Instituto de Capacitación para el Trabajo de la Ciudad De México,Derechos Humanos,0.0
Instituto de Capacitación para el Trabajo de la Ciudad De México,Desempleo,40192412.29
Instituto de Capacitación para el Trabajo de la Ciudad De México,Protección Civil,49896.82000000001
Instituto de Educación Media Superior,Derechos Humanos,232000.0
Instituto de Educación Media Superior,Educación Media Superior,942301130.2899998
Instituto de Educación Media Superior,Protección Civil,3269636.81
Instituto de Formación Profesional,Procuración de Justicia,46302088.269999996
Instituto de Formación Profesional,Protección Civil,3770.81
Instituto de La Juventud,Derechos Humanos,3181825.54
Instituto de La Juventud,Otros,34208952.050000004
Instituto de La Juventud,Otros Asuntos Sociales,250540.0
Instituto de La Juventud,Otros de Seguridad Social y Asistencia Social,85821362.85000002
Instituto de La Juventud,Protección Civil,5500.0
"Instituto de Transparencia, Acceso A La Información Pública, Protección De Datos Personales Y Rendición De Cuentas De La Ciudad De México",Acceso a la Información Pública Gubernamental,124241369.62
Instituto de Verificación Administrativa,Derechos Humanos,1644707.9100000004
Instituto de Verificación Administrativa,Otros,430975620.86
Instituto de Verificación Administrativa,Protección Civil,100000.0
Instituto de Vivienda,Derechos Humanos,407160.0
Instituto de Vivienda,Protección Civil,215479.28
Instituto de Vivienda,Vivienda,5220774919.420001
Instituto de las Personas con discapacidad de La Ciudad De México,Derechos Humanos,140000.0
Instituto de las Personas con discapacidad de La Ciudad De México,Otros,25888737.410000008
Instituto de las Personas con discapacidad de La Ciudad De México,Protección Civil,0.0
Instituto del Deporte,Deporte y Recreación,244888985.29000005
Instituto del Deporte,Derechos Humanos,52657748.150000006
Instituto del Deporte,Protección Civil,516876.45999999996
Instituto para la Atención y Prevención de las Adicciones en La Ciudad De México,Derechos Humanos,150000.0
Instituto para la Atención y Prevención de las Adicciones en La Ciudad De México,Protección Civil,147991.35
Instituto para la Atención y Prevención de las Adicciones en La Ciudad De México,Rectoría del Sistema de Salud,87667346.96
Instituto para la Seguridad de Las Construcciones,Derechos Humanos,0.0
Instituto para la Seguridad de Las Construcciones,Protección Civil,266622350.21000004
Jefatura de Gobierno,Derechos Humanos,65000.0
Jefatura de Gobierno,Presidencia / Gubernatura,199301267.25000003
Jefatura de Gobierno,Protección Civil,241957.21000000002
Junta Local de Conciliación y Arbitraje,Impartición de Justicia,482520832.0
Mecanismo de Protección Integral de Personas Defensoras de Derechos Humanos y Periodistas,Derechos Humanos,14869115.280000001
Mecanismo de Protección Integral de Personas Defensoras de Derechos Humanos y Periodistas,Protección Civil,130940.5
Metrobús,Derechos Humanos,429090.38
Metrobús,Otros Relacionados con Transporte,1273426708.1399999
Metrobús,Protección Civil,244998.89
Oficialía Mayor,Derechos Humanos,1685717.8
Oficialía Mayor,Función Pública,33818204.41999999
Oficialía Mayor,Otros,338816140.91999996
Oficialía Mayor,Protección Civil,916181.01
Oficialía Mayor,"Servicios Registrales, Administrativos y Patrimoniales",165074372.23
Oficialía Mayor,Servicios de Comunicación y Medios,418332217.03999984
Planta de Asfalto de la Ciudad De México,Derechos Humanos,250000.0
Planta de Asfalto de la Ciudad De México,Otras Industrias,532296152.95000017
Planta de Asfalto de la Ciudad De México,Protección Civil,773240.86
Policía Auxiliar,Derechos Humanos,2285615.0
Policía Auxiliar,Policía,6823448188.06
Policía Auxiliar,Protección Civil,44879.07
Policía Bancaria E Industrial,Derechos Humanos,488327010.79
Policía Bancaria E Industrial,Policía,3887691874.52
Policía Bancaria E Industrial,Protección Civil,269265.46
Procuraduría Ambiental Y Del Ordenamiento Territorial,Derechos Humanos,21652806.74
Procuraduría Ambiental Y Del Ordenamiento Territorial,Otros,52732696.660000004
Procuraduría Ambiental Y Del Ordenamiento Territorial,Procuración de Justicia,35880924.25
Procuraduría Ambiental Y Del Ordenamiento Territorial,Protección Civil,87840.0
Procuraduría General de Justicia,Derechos Humanos,50182890.940000005
Procuraduría General de Justicia,Otros,670489726.66
Procuraduría General de Justicia,Prestación de Servicios de Salud a la Persona,66497356.65
Procuraduría General de Justicia,Procuración de Justicia,6104883440.960007
Procuraduría General de Justicia,Protección Civil,998790.56
Procuraduría Social,Derechos Humanos,43089558.75999999
Procuraduría Social,Desarrollo Comunitario,35365999.510000005
Procuraduría Social,Otros Asuntos Sociales,108576191.17
Procuraduría Social,Procuración de Justicia,65384249.71999999
Procuraduría Social,Protección Civil,7543137.869999999
Proyecto Metro de La Ciudad De México,Derechos Humanos,104122.75000000001
Proyecto Metro de La Ciudad De México,Otros Relacionados con Transporte,15030357.74
Proyecto Metro de La Ciudad De México,Protección Civil,0.0
Red de Transporte de Pasajeros RTP,Derechos Humanos,250000.0
Red de Transporte de Pasajeros RTP,Otros,230832856.36000004
Red de Transporte de Pasajeros RTP,Otros Relacionados con Transporte,1489932049.7499995
Red de Transporte de Pasajeros RTP,Protección Civil,1567128.0
Régimen de Protección Social en Salud,Protección Social en Salud,142577011.03
Secretaria de la Contraloría General,Asuntos Jurídicos,16033885.070000002
Secretaria de la Contraloría General,Derechos Humanos,335415.98
Secretaria de la Contraloría General,Función Pública,314079903.92000014
Secretaria de la Contraloría General,Otros,110140126.20999996
Secretaria de la Contraloría General,Procuración de Justicia,37100670.01
Secretaria de la Contraloría General,Protección Civil,10312.98
Secretaria de la Contraloría General,Servicios Estadísticos,7361867.560000001
Secretaría Ejecutiva del Mecanismo de Seguimiento y Evaluación del Programa de Derechos Humanos de la Ciudad de México,Derechos Humanos,11032473.410000006
Secretaría Ejecutiva del Mecanismo de Seguimiento y Evaluación del Programa de Derechos Humanos de la Ciudad de México,Protección Civil,3132.72
Secretaría de Administración y Finanzas,Acceso a la Información Pública Gubernamental,17230020.5
Secretaría de Administración y Finanzas,Asuntos Hacendarios,2324797349.0099998
Secretaría de Administración y Finanzas,Derechos Humanos,10334621.83
Secretaría de Administración y Finanzas,Otros,1854285235.73
Secretaría de Administración y Finanzas,Otros Asuntos de Orden Público y Seguridad,45873234.84
Secretaría de Administración y Finanzas,Otros de Seguridad Social y Asistencia Social,40527064.12
Secretaría de Administración y Finanzas,Protección Civil,61949870.239999995
Secretaría de Administración y Finanzas,Servicios Estadísticos,181716104.07000002
Secretaría de Administración y Finanzas,"Servicios Registrales, Administrativos y Patrimoniales",103113602.25999999
Secretaría de Administración y Finanzas,Urbanización,0.0
"Secretaría de Ciencia, Tecnología e Innovación",Derechos Humanos,700209.25
"Secretaría de Ciencia, Tecnología e Innovación",Desarrollo Tecnológico,118977667.05
"Secretaría de Ciencia, Tecnología e Innovación",Innovación,60824000.0
"Secretaría de Ciencia, Tecnología e Innovación",Investigación Científica,80350793.6
"Secretaría de Ciencia, Tecnología e Innovación",Protección Civil,379439.48000000004
"Secretaría de Ciencia, Tecnología e Innovación",Servicios Científicos y Tecnológicos,47581593.1
Secretaría de Cultura,Cultura,629801359.9600002
Secretaría de Cultura,Derechos Humanos,1388548.95
Secretaría de Cultura,Otros Servicios Educativos y Actividades Inherentes,20341431.869999997
Secretaría de Cultura,Protección Civil,706527.01
Secretaría de Cultura,"Radio, Televisión y Editoriales",13300174.63
Secretaría de Desarrollo Económico,Asuntos Económicos y Comerciales en General,342996670.79
Secretaría de Desarrollo Económico,Derechos Humanos,760176.0
Secretaría de Desarrollo Económico,Otros Asuntos Económicos,4956660.409999999
Secretaría de Desarrollo Económico,Protección Civil,64120.4
Secretaría de Desarrollo Económico,"Servicios Registrales, Administrativos y Patrimoniales",11107135.1
Secretaría de Desarrollo Rural y Equidad para las Comunidades,Agropecuaria,297008199.39000005
Secretaría de Desarrollo Rural y Equidad para las Comunidades,Alimentación y Nutrición,30045718.229999997
Secretaría de Desarrollo Rural y Equidad para las Comunidades,Derechos Humanos,9320408.589999998
Secretaría de Desarrollo Rural y Equidad para las Comunidades,Indígenas,19974279.6
Secretaría de Desarrollo Rural y Equidad para las Comunidades,Otros Asuntos Económicos,84699391.7
Secretaría de Desarrollo Rural y Equidad para las Comunidades,Otros Grupos Vulnerables,92203066.75999998
Secretaría de Desarrollo Rural y Equidad para las Comunidades,Otros de Seguridad Social y Asistencia Social,500000.0
Secretaría de Desarrollo Rural y Equidad para las Comunidades,Protección Civil,458.2
Secretaría de Desarrollo Rural y Equidad para las Comunidades,Turismo,10106153.0
Secretaría de Desarrollo Urbano y Vivienda,Derechos Humanos,616946.5799999998
Secretaría de Desarrollo Urbano y Vivienda,Desarrollo Comunitario,174916276.34000003
Secretaría de Desarrollo Urbano y Vivienda,Otros,45360902.9
Secretaría de Desarrollo Urbano y Vivienda,Protección Civil,4119.26
Secretaría de Desarrollo Urbano y Vivienda,Territorio,31857000.039999988
Secretaría de Desarrollo Urbano y Vivienda,Urbanización,61784743.31999999
Secretaría de Desarrollo Urbano y Vivienda,Vivienda,125347356.59
"Secretaría de Educación, Ciencia, Tecnología e Innovación",Derechos Humanos,69650850.96
"Secretaría de Educación, Ciencia, Tecnología e Innovación",Educación Básica,381191487.65
"Secretaría de Educación, Ciencia, Tecnología e Innovación",Educación Media Superior,80537149.10999998
"Secretaría de Educación, Ciencia, Tecnología e Innovación",Educación Superior,91619976.46
"Secretaría de Educación, Ciencia, Tecnología e Innovación",Educación para Adultos,93983584.24000001
"Secretaría de Educación, Ciencia, Tecnología e Innovación",Otros,15545559.739999998
"Secretaría de Educación, Ciencia, Tecnología e Innovación",Otros Servicios Educativos y Actividades Inherentes,40534658.67999999
"Secretaría de Educación, Ciencia, Tecnología e Innovación",Otros de Seguridad Social y Asistencia Social,0.0
"Secretaría de Educación, Ciencia, Tecnología e Innovación",Protección Civil,1687710.05
Secretaría de Gestión Integral de Riesgos y Protección Civil,Derechos Humanos,930400.28
Secretaría de Gestión Integral de Riesgos y Protección Civil,Otros,34146567.21999999
Secretaría de Gestión Integral de Riesgos y Protección Civil,Protección Civil,104527157.49999996
Secretaría de Gobierno,Acceso a la Información Pública Gubernamental,5942624.34
Secretaría de Gobierno,Agropecuaria,17886942.3
Secretaría de Gobierno,Asuntos Económicos y Comerciales en General,51069707.91000001
Secretaría de Gobierno,Derechos Humanos,12171949.31
Secretaría de Gobierno,Otros,367736476.8300001
Secretaría de Gobierno,Otros Grupos Vulnerables,44510467.34
Secretaría de Gobierno,Política Interior,42271645.17
Secretaría de Gobierno,Procuración de Justicia,0.0
Secretaría de Gobierno,Protección Civil,1074448.65
Secretaría de Gobierno,Reclusión y Readaptación Social,4186994516.440001
Secretaría de Inclusión y Bienestar Social,Alimentación y Nutrición,415577437.23
Secretaría de Inclusión y Bienestar Social,Derechos Humanos,13115320.360000001
Secretaría de Inclusión y Bienestar Social,Desarrollo Comunitario,113300000.0
Secretaría de Inclusión y Bienestar Social,Educación Básica,452923438.34
Secretaría de Inclusión y Bienestar Social,Familia e Hijos,32089253.61
Secretaría de Inclusión y Bienestar Social,Otros Asuntos Sociales,613938507.1
Secretaría de Inclusión y Bienestar Social,Otros Grupos Vulnerables,8063017680.849998
Secretaría de Inclusión y Bienestar Social,Otros de Seguridad Social y Asistencia Social,1440511394.5799994
Secretaría de Inclusión y Bienestar Social,Prestación de Servicios de Salud a la Persona,79917093.99000001
Secretaría de Inclusión y Bienestar Social,Protección Civil,1426295.01
Secretaría de Movilidad,Derechos Humanos,1792200.0
Secretaría de Movilidad,Otros,1398760906.3400002
Secretaría de Movilidad,Otros Relacionados con Transporte,726899342.4300001
Secretaría de Movilidad,Protección Civil,449778.07
Secretaría de Movilidad,Servicios Estadísticos,37135301.9
Secretaría de Movilidad,Urbanización,0.0
Secretaría de Obras y Servicios,Cultura,90546735.27000001
Secretaría de Obras y Servicios,Deporte y Recreación,47683040.2
Secretaría de Obras y Servicios,Derechos Humanos,2135606.5700000003
Secretaría de Obras y Servicios,Generación de Recursos para la Salud,4058890.36
Secretaría de Obras y Servicios,Otros,452590253.75000006
Secretaría de Obras y Servicios,Otros Relacionados con Transporte,9270633499.560003
Secretaría de Obras y Servicios,Preservación y Cuidado del Patrimonio Público,0.0
Secretaría de Obras y Servicios,Servicios Comunales,0.0
Secretaría de Obras y Servicios,Urbanización,2155265965.3999996
Secretaría de Salud,Derechos Humanos,2722185.37
Secretaría de Salud,Generación de Recursos para la Salud,544923995.6399997
Secretaría de Salud,Prestación de Servicios de Salud a la Comunidad,98393054.60000001
Secretaría de Salud,Prestación de Servicios de Salud a la Persona,11436406658.09
Secretaría de Salud,Protección Civil,1748492.98
Secretaría de Salud,Servicios Comunales,55795000.46999998
Secretaría de Seguridad Ciudadana,Cultura,5197489.74
Secretaría de Seguridad Ciudadana,Derechos Humanos,106959470.18
Secretaría de Seguridad Ciudadana,Otros,1493992499.01
Secretaría de Seguridad Ciudadana,Otros Asuntos Sociales,7220644.46
Secretaría de Seguridad Ciudadana,Otros Asuntos de Orden Público y Seguridad,343672093.67
Secretaría de Seguridad Ciudadana,Policía,16117981823.319994
Secretaría de Seguridad Ciudadana,Protección Civil,960813814.9599999
Secretaría de Seguridad Ciudadana,Servicios Estadísticos,274768055.8899999
Secretaría de Seguridad Ciudadana,Urbanización,24861254.71
Secretaría de Turismo,Otros Asuntos Económicos,230302.52
Secretaría de Turismo,Protección Civil,57000.0
Secretaría de Turismo,Turismo,92048045.04000004
Secretaría de las Mujeres,Derechos Humanos,152191860.48999998
Secretaría de las Mujeres,Protección Civil,52994.22
Secretaría del Medio Ambiente,Cultura,51298241.05
Secretaría del Medio Ambiente,Derechos Humanos,401509.60000000003
Secretaría del Medio Ambiente,Otros de Protección Ambiental,376303204.44
Secretaría del Medio Ambiente,Protección Civil,278122.62
Secretaría del Medio Ambiente,Protección de la Diversidad Biológica y del Paisaje,771281227.4600003
Secretaría del Medio Ambiente,Reducción de la Contaminación,306328424.35000014
Secretaría del Trabajo y Fomento al Empleo,Acceso a la Información Pública Gubernamental,678665.57
Secretaría del Trabajo y Fomento al Empleo,Asuntos Laborales Generales,47669901.820000045
Secretaría del Trabajo y Fomento al Empleo,Derechos Humanos,3660913.0300000003
Secretaría del Trabajo y Fomento al Empleo,Desempleo,577378933.08
Secretaría del Trabajo y Fomento al Empleo,Otros,72199790.47000003
Secretaría del Trabajo y Fomento al Empleo,Procuración de Justicia,3757401.21
Secretaría del Trabajo y Fomento al Empleo,Protección Civil,171647.77999999997
Servicio de Transportes Eléctricos de la Ciudad De México,Derechos Humanos,518155.98000000004
Servicio de Transportes Eléctricos de la Ciudad De México,Otros,654210297.49
Servicio de Transportes Eléctricos de la Ciudad De México,Otros Relacionados con Transporte,687543424.7900001
Servicio de Transportes Eléctricos de la Ciudad De México,Protección Civil,0.0
"Servicios Metropolitanos, S.A. De C.V.",Derechos Humanos,64000.0
"Servicios Metropolitanos, S.A. De C.V.",Otros,51093163.30000003
"Servicios Metropolitanos, S.A. De C.V.",Otros Asuntos Económicos,30810685.950000003
"Servicios Metropolitanos, S.A. De C.V.",Otros Relacionados con Transporte,66706553.59
"Servicios Metropolitanos, S.A. De C.V.",Protección Civil,68953.68
"Servicios Metropolitanos, S.A. De C.V.",Reducción de la Contaminación,2112820.96
"Servicios Metropolitanos, S.A. De C.V.",Urbanización,6841786.78
Servicios de Salud Pública,Generación de Recursos para la Salud,48576036.919999994
Servicios de Salud Pública,Otros Grupos Vulnerables,815500.0
Servicios de Salud Pública,Prestación de Servicios de Salud a la Comunidad,282884475.11000013
Servicios de Salud Pública,Prestación de Servicios de Salud a la Persona,5568590066.939997
Servicios de Salud Pública,Protección Civil,400000.0
Servicios de Salud Pública,Servicios Comunales,13663608.870000001
Sistema De Radio Y Televisión Digital,Derechos Humanos,2000000.0
Sistema De Radio Y Televisión Digital,Protección Civil,16878.0
Sistema De Radio Y Televisión Digital,"Radio, Televisión y Editoriales",139131295.27000004
Sistema Para El Desarrollo Integral De La Familia,Abastecimiento de Agua,5700000.0
Sistema Para El Desarrollo Integral De La Familia,Alimentación y Nutrición,888609882.5900002
Sistema Para El Desarrollo Integral De La Familia,Asuntos Laborales Generales,6673298.600000001
Sistema Para El Desarrollo Integral De La Familia,Derechos Humanos,8368973.279999999
Sistema Para El Desarrollo Integral De La Familia,Educación Básica,142432645.69
Sistema Para El Desarrollo Integral De La Familia,Familia e Hijos,14364615.999999996
Sistema Para El Desarrollo Integral De La Familia,Otros,368744505.41
Sistema Para El Desarrollo Integral De La Familia,Otros Grupos Vulnerables,1079433627.1200004
Sistema Para El Desarrollo Integral De La Familia,Otros Servicios Educativos y Actividades Inherentes,774647453.0000001
Sistema Para El Desarrollo Integral De La Familia,Otros de Seguridad Social y Asistencia Social,2685626.0
Sistema Para El Desarrollo Integral De La Familia,Prestación de Servicios de Salud a la Comunidad,2477286.0
Sistema Para El Desarrollo Integral De La Familia,Protección Civil,4066470.0000000005
Sistema Para El Desarrollo Integral De La Familia,Servicios Estadísticos,17260477.21
Sistema Para El Desarrollo Integral De La Familia,"Servicios Registrales, Administrativos y Patrimoniales",51444902.96000001
Sistema de Aguas de La Ciudad De México,Abastecimiento de Agua,7184173242.26
Sistema de Aguas de La Ciudad De México,Administración del Agua,922942003.3000001
Sistema de Aguas de La Ciudad De México,Derechos Humanos,2678140.75
Sistema de Aguas de La Ciudad De México,"Ordenación de Aguas Residuales, Drenaje y Alcantarillado",4855844608.639999
Sistema de Aguas de La Ciudad De México,Protección Civil,198343.85
Sistema de Transporte Colectivo Metro,Otros,2064408216.5999997
Sistema de Transporte Colectivo Metro,Otros Relacionados con Transporte,13383370190.960007
Sistema de Transporte Colectivo Metro,Otros de Seguridad Social y Asistencia Social,43857412.59
Sistema de Transporte Colectivo Metro,Protección Civil,919388.0
Tesorería,Asuntos Hacendarios,3683873531.13
Tribunal Electoral de la Ciudad de México,Impartición de Justicia,345233978.0
Tribunal Superior de Justicia de la Ciudad De México,Impartición de Justicia,6389294717.860002
Tribunal Superior de Justicia de la Ciudad De México,Sistema Nacional de Seguridad Pública,12609687.72
Tribunal de Justicia Administrativa de La Ciudad De México,Impartición de Justicia,525046942.0
Universidad Autónoma de la Ciudad De México,Educación Superior,1342012682.46
Universidad de la Policía De La Ciudad De México,Derechos Humanos,875121.53
Universidad de la Policía De La Ciudad De México,Policía,140957781.71
Universidad de la Policía De La Ciudad De México,Protección Civil,146627.77000000002
Órgano Regulador de Transporte,Derechos Humanos,157262.07
Órgano Regulador de Transporte,Otros Relacionados con Transporte,17364406.04
